{
  "calls": 35.0,
  "steps": 35.0,
  "pass_at_1": 0.22857142857142856,
  "first_try_valid": 0.6571428571428571,
  "avg_retries": 0.7714285714285715,
  "avg_latency_ms": 12.785686828574073,
  "tool_switches": 9.0,
  "token_input": 148330.0,
  "token_output": 7337.5,
  "pass_at_1_medium": 0.3684210526315789,
  "pass_at_1_low": 0.07692307692307693,
  "pass_at_1_high": 0.0,
  "tasks": 10,
  "pass_at_1_overall": 0.22857142857142856,
  "selections": 10.0,
  "tool_select_acc": 1.0
}