{
  "calls": 56.0,
  "steps": 56.0,
  "pass_at_1": 0.6785714285714286,
  "first_try_valid": 0.6428571428571429,
  "avg_retries": 0.32142857142857145,
  "avg_latency_ms": 11.79513016071493,
  "tool_switches": 9.0,
  "token_input": 299120.75,
  "token_output": 14208.75,
  "pass_at_1_medium": 0.52,
  "pass_at_1_low": 0.8636363636363636,
  "pass_at_1_high": 0.6666666666666666,
  "tasks": 10,
  "pass_at_1_overall": 0.6785714285714286,
  "selections": 10.0,
  "tool_select_acc": 1.0
}