{
  "count": 460,
  "mean": 9.269451740562797,
  "median": 8.159160967036147,
  "min": 1.9724999995,
  "max": 42.67253151095261,
  "range": 40.70003151145261,
  "variance": 31.382051235489392,
  "stdev": 5.601968514325066,
  "pvariance": 31.313829384977456,
  "pstdev": 5.595876105220474,
  "q1": 5.84911525296323,
  "q2": 8.159160967036147,
  "q3": 10.419817146587082,
  "iqr": 4.570701893623852,
  "p05": 4.0694999995,
  "p10": 4.3445999995,
  "p25": 5.84911525296323,
  "p50": 8.159160967036145,
  "p75": 10.419817146587082,
  "p90": 13.90475280248621,
  "p95": 19.37783583020886,
  "p99": 35.4714491482917,
  "geometric_mean": 8.12677568250259,
  "harmonic_mean": 7.208237049730181,
  "skewness": 2.7253867283692617,
  "kurtosis_excess": 10.266733843850142
}