{
  "count": 4407,
  "mean": 7.446443903425441,
  "median": 5.2737712379549455,
  "min": 1.0375,
  "max": 127.8799389072197,
  "range": 126.8424389072197,
  "variance": 60.93530833162214,
  "stdev": 7.806107117611322,
  "pvariance": 60.92148139530909,
  "pstdev": 7.805221418724076,
  "q1": 3.5625,
  "q2": 5.2737712379549455,
  "q3": 8.70633495181978,
  "iqr": 5.14383495181978,
  "p05": 1.0375,
  "p10": 1.0899999999999999,
  "p25": 3.5625,
  "p50": 5.2737712379549455,
  "p75": 8.70633495181978,
  "p90": 13.909383942529889,
  "p95": 20.30507747785693,
  "p99": 39.565923895018216,
  "geometric_mean": 5.3468948488653405,
  "harmonic_mean": 3.788271566459782,
  "skewness": 5.007936239212682,
  "kurtosis_excess": 46.168452883862976
}